{
    "counter": {
        "ACTIVE": 32121,
        "INACTIVE": 33,
        "INVALID": 0,
        "MALICIOUS": 0,
        "SANE": 0,
        "VALID": 0,
        "total": 32154
    },
    "percentage": {
        "ACTIVE": 99.89736891211047,
        "INACTIVE": 0.10263108788953162,
        "INVALID": 0.0,
        "MALICIOUS": 0.0,
        "SANE": 0.0,
        "VALID": 0.0,
        "total": 100.0
    }
}