{
    "counter": {
        "ACTIVE": 43971,
        "INACTIVE": 2,
        "INVALID": 0,
        "MALICIOUS": 0,
        "SANE": 0,
        "VALID": 0,
        "total": 43973
    },
    "percentage": {
        "ACTIVE": 99.99545175448571,
        "INACTIVE": 0.004548245514292861,
        "INVALID": 0.0,
        "MALICIOUS": 0.0,
        "SANE": 0.0,
        "VALID": 0.0,
        "total": 100.0
    }
}