{
    "counter": {
        "ACTIVE": 43880,
        "INACTIVE": 4,
        "INVALID": 0,
        "MALICIOUS": 0,
        "SANE": 0,
        "VALID": 0,
        "total": 43884
    },
    "percentage": {
        "ACTIVE": 99.99088506061435,
        "INACTIVE": 0.009114939385653085,
        "INVALID": 0.0,
        "MALICIOUS": 0.0,
        "SANE": 0.0,
        "VALID": 0.0,
        "total": 100.0
    }
}