{
    "counter": {
        "ACTIVE": 38112,
        "INACTIVE": 2,
        "INVALID": 0,
        "MALICIOUS": 0,
        "SANE": 0,
        "VALID": 0,
        "total": 38114
    },
    "percentage": {
        "ACTIVE": 99.99475258435221,
        "INACTIVE": 0.005247415647793461,
        "INVALID": 0.0,
        "MALICIOUS": 0.0,
        "SANE": 0.0,
        "VALID": 0.0,
        "total": 100.0
    }
}