{
    "counter": {
        "ACTIVE": 41141,
        "INACTIVE": 11,
        "INVALID": 0,
        "MALICIOUS": 0,
        "SANE": 0,
        "VALID": 0,
        "total": 41152
    },
    "percentage": {
        "ACTIVE": 99.9732698289269,
        "INACTIVE": 0.026730171073094867,
        "INVALID": 0.0,
        "MALICIOUS": 0.0,
        "SANE": 0.0,
        "VALID": 0.0,
        "total": 100.0
    }
}