{
    "counter": {
        "ACTIVE": 26807,
        "INACTIVE": 33,
        "INVALID": 0,
        "MALICIOUS": 0,
        "SANE": 0,
        "VALID": 0,
        "total": 26840
    },
    "percentage": {
        "ACTIVE": 99.87704918032787,
        "INACTIVE": 0.12295081967213115,
        "INVALID": 0.0,
        "MALICIOUS": 0.0,
        "SANE": 0.0,
        "VALID": 0.0,
        "total": 100.0
    }
}