{
    "counter": {
        "ACTIVE": 36604,
        "INACTIVE": 2,
        "INVALID": 0,
        "MALICIOUS": 0,
        "SANE": 0,
        "VALID": 0,
        "total": 36606
    },
    "percentage": {
        "ACTIVE": 99.99453641479539,
        "INACTIVE": 0.005463585204611266,
        "INVALID": 0.0,
        "MALICIOUS": 0.0,
        "SANE": 0.0,
        "VALID": 0.0,
        "total": 100.0
    }
}