{
    "counter": {
        "ACTIVE": 41646,
        "INACTIVE": 45,
        "INVALID": 0,
        "MALICIOUS": 0,
        "SANE": 0,
        "VALID": 0,
        "total": 41691
    },
    "percentage": {
        "ACTIVE": 99.89206303518745,
        "INACTIVE": 0.10793696481254947,
        "INVALID": 0.0,
        "MALICIOUS": 0.0,
        "SANE": 0.0,
        "VALID": 0.0,
        "total": 100.0
    }
}