{
    "counter": {
        "ACTIVE": 43857,
        "INACTIVE": 2,
        "INVALID": 0,
        "MALICIOUS": 0,
        "SANE": 0,
        "VALID": 0,
        "total": 43859
    },
    "percentage": {
        "ACTIVE": 99.995439932511,
        "INACTIVE": 0.004560067488998837,
        "INVALID": 0.0,
        "MALICIOUS": 0.0,
        "SANE": 0.0,
        "VALID": 0.0,
        "total": 100.0
    }
}