{
    "counter": {
        "ACTIVE": 32845,
        "INACTIVE": 15,
        "INVALID": 0,
        "MALICIOUS": 0,
        "SANE": 0,
        "VALID": 0,
        "total": 32860
    },
    "percentage": {
        "ACTIVE": 99.95435179549604,
        "INACTIVE": 0.04564820450395618,
        "INVALID": 0.0,
        "MALICIOUS": 0.0,
        "SANE": 0.0,
        "VALID": 0.0,
        "total": 100.0
    }
}