{
    "counter": {
        "ACTIVE": 33416,
        "INACTIVE": 3,
        "INVALID": 0,
        "MALICIOUS": 0,
        "SANE": 0,
        "VALID": 0,
        "total": 33419
    },
    "percentage": {
        "ACTIVE": 99.99102307070828,
        "INACTIVE": 0.00897692929172028,
        "INVALID": 0.0,
        "MALICIOUS": 0.0,
        "SANE": 0.0,
        "VALID": 0.0,
        "total": 100.0
    }
}