{
    "counter": {
        "ACTIVE": 41142,
        "INACTIVE": 1,
        "INVALID": 0,
        "MALICIOUS": 0,
        "SANE": 0,
        "VALID": 0,
        "total": 41143
    },
    "percentage": {
        "ACTIVE": 99.99756945288384,
        "INACTIVE": 0.0024305471161558466,
        "INVALID": 0.0,
        "MALICIOUS": 0.0,
        "SANE": 0.0,
        "VALID": 0.0,
        "total": 100.0
    }
}