{
    "counter": {
        "ACTIVE": 34323,
        "INACTIVE": 51,
        "INVALID": 0,
        "MALICIOUS": 0,
        "SANE": 0,
        "VALID": 0,
        "total": 34374
    },
    "percentage": {
        "ACTIVE": 99.85163204747775,
        "INACTIVE": 0.14836795252225518,
        "INVALID": 0.0,
        "MALICIOUS": 0.0,
        "SANE": 0.0,
        "VALID": 0.0,
        "total": 100.0
    }
}