{
    "counter": {
        "ACTIVE": 41141,
        "INACTIVE": 2,
        "INVALID": 0,
        "MALICIOUS": 0,
        "SANE": 0,
        "VALID": 0,
        "total": 41143
    },
    "percentage": {
        "ACTIVE": 99.99513890576769,
        "INACTIVE": 0.004861094232311693,
        "INVALID": 0.0,
        "MALICIOUS": 0.0,
        "SANE": 0.0,
        "VALID": 0.0,
        "total": 100.0
    }
}