{
    "counter": {
        "ACTIVE": 33102,
        "INACTIVE": 12,
        "INVALID": 0,
        "MALICIOUS": 0,
        "SANE": 0,
        "VALID": 0,
        "total": 33114
    },
    "percentage": {
        "ACTIVE": 99.96376155100562,
        "INACTIVE": 0.03623844899438304,
        "INVALID": 0.0,
        "MALICIOUS": 0.0,
        "SANE": 0.0,
        "VALID": 0.0,
        "total": 100.0
    }
}