{
    "counter": {
        "ACTIVE": 43960,
        "INACTIVE": 4,
        "INVALID": 0,
        "MALICIOUS": 0,
        "SANE": 0,
        "VALID": 0,
        "total": 43964
    },
    "percentage": {
        "ACTIVE": 99.99090164680193,
        "INACTIVE": 0.00909835319807115,
        "INVALID": 0.0,
        "MALICIOUS": 0.0,
        "SANE": 0.0,
        "VALID": 0.0,
        "total": 100.0
    }
}