{
    "counter": {
        "ACTIVE": 41108,
        "INACTIVE": 2,
        "INVALID": 0,
        "MALICIOUS": 0,
        "SANE": 0,
        "VALID": 0,
        "total": 41110
    },
    "percentage": {
        "ACTIVE": 99.99513500364874,
        "INACTIVE": 0.004864996351252737,
        "INVALID": 0.0,
        "MALICIOUS": 0.0,
        "SANE": 0.0,
        "VALID": 0.0,
        "total": 100.0
    }
}