{
    "counter": {
        "ACTIVE": 41732,
        "INACTIVE": 31,
        "INVALID": 0,
        "MALICIOUS": 0,
        "SANE": 0,
        "VALID": 0,
        "total": 41763
    },
    "percentage": {
        "ACTIVE": 99.92577161602375,
        "INACTIVE": 0.07422838397624691,
        "INVALID": 0.0,
        "MALICIOUS": 0.0,
        "SANE": 0.0,
        "VALID": 0.0,
        "total": 100.0
    }
}