{
    "counter": {
        "ACTIVE": 41851,
        "INACTIVE": 9,
        "INVALID": 0,
        "MALICIOUS": 0,
        "SANE": 0,
        "VALID": 0,
        "total": 41860
    },
    "percentage": {
        "ACTIVE": 99.97849976110845,
        "INACTIVE": 0.02150023889154324,
        "INVALID": 0.0,
        "MALICIOUS": 0.0,
        "SANE": 0.0,
        "VALID": 0.0,
        "total": 100.0
    }
}