{
    "counter": {
        "ACTIVE": 36086,
        "INACTIVE": 2,
        "INVALID": 0,
        "MALICIOUS": 0,
        "SANE": 0,
        "VALID": 0,
        "total": 36088
    },
    "percentage": {
        "ACTIVE": 99.99445799157614,
        "INACTIVE": 0.005542008423852805,
        "INVALID": 0.0,
        "MALICIOUS": 0.0,
        "SANE": 0.0,
        "VALID": 0.0,
        "total": 100.0
    }
}