{
    "counter": {
        "ACTIVE": 41089,
        "INACTIVE": 3,
        "INVALID": 0,
        "MALICIOUS": 0,
        "SANE": 0,
        "VALID": 0,
        "total": 41092
    },
    "percentage": {
        "ACTIVE": 99.99269930886791,
        "INACTIVE": 0.007300691132093838,
        "INVALID": 0.0,
        "MALICIOUS": 0.0,
        "SANE": 0.0,
        "VALID": 0.0,
        "total": 100.0
    }
}