{
    "counter": {
        "ACTIVE": 36872,
        "INACTIVE": 1,
        "INVALID": 0,
        "MALICIOUS": 0,
        "SANE": 0,
        "VALID": 0,
        "total": 36873
    },
    "percentage": {
        "ACTIVE": 99.99728798850107,
        "INACTIVE": 0.0027120114989287554,
        "INVALID": 0.0,
        "MALICIOUS": 0.0,
        "SANE": 0.0,
        "VALID": 0.0,
        "total": 100.0
    }
}