{
    "counter": {
        "ACTIVE": 41145,
        "INACTIVE": 2,
        "INVALID": 0,
        "MALICIOUS": 0,
        "SANE": 0,
        "VALID": 0,
        "total": 41147
    },
    "percentage": {
        "ACTIVE": 99.99513937832648,
        "INACTIVE": 0.004860621673512042,
        "INVALID": 0.0,
        "MALICIOUS": 0.0,
        "SANE": 0.0,
        "VALID": 0.0,
        "total": 100.0
    }
}