{
    "counter": {
        "ACTIVE": 41217,
        "INACTIVE": 14,
        "INVALID": 0,
        "MALICIOUS": 0,
        "SANE": 0,
        "VALID": 0,
        "total": 41231
    },
    "percentage": {
        "ACTIVE": 99.96604496616624,
        "INACTIVE": 0.03395503383376586,
        "INVALID": 0.0,
        "MALICIOUS": 0.0,
        "SANE": 0.0,
        "VALID": 0.0,
        "total": 100.0
    }
}