{
    "counter": {
        "ACTIVE": 33228,
        "INACTIVE": 3,
        "INVALID": 0,
        "MALICIOUS": 0,
        "SANE": 0,
        "VALID": 0,
        "total": 33231
    },
    "percentage": {
        "ACTIVE": 99.99097228491469,
        "INACTIVE": 0.009027715085311907,
        "INVALID": 0.0,
        "MALICIOUS": 0.0,
        "SANE": 0.0,
        "VALID": 0.0,
        "total": 100.0
    }
}