{
    "counter": {
        "ACTIVE": 43985,
        "INACTIVE": 10,
        "INVALID": 0,
        "MALICIOUS": 0,
        "SANE": 0,
        "VALID": 0,
        "total": 43995
    },
    "percentage": {
        "ACTIVE": 99.97727014433458,
        "INACTIVE": 0.022729855665416524,
        "INVALID": 0.0,
        "MALICIOUS": 0.0,
        "SANE": 0.0,
        "VALID": 0.0,
        "total": 100.0
    }
}