{
    "counter": {
        "ACTIVE": 33025,
        "INACTIVE": 4,
        "INVALID": 0,
        "MALICIOUS": 0,
        "SANE": 0,
        "VALID": 0,
        "total": 33029
    },
    "percentage": {
        "ACTIVE": 99.98788943050047,
        "INACTIVE": 0.012110569499530715,
        "INVALID": 0.0,
        "MALICIOUS": 0.0,
        "SANE": 0.0,
        "VALID": 0.0,
        "total": 100.0
    }
}