{
    "counter": {
        "ACTIVE": 43958,
        "INACTIVE": 2,
        "INVALID": 0,
        "MALICIOUS": 0,
        "SANE": 0,
        "VALID": 0,
        "total": 43960
    },
    "percentage": {
        "ACTIVE": 99.99545040946315,
        "INACTIVE": 0.004549590536851683,
        "INVALID": 0.0,
        "MALICIOUS": 0.0,
        "SANE": 0.0,
        "VALID": 0.0,
        "total": 100.0
    }
}