{
    "counter": {
        "ACTIVE": 32027,
        "INACTIVE": 2,
        "INVALID": 0,
        "MALICIOUS": 0,
        "SANE": 0,
        "VALID": 0,
        "total": 32029
    },
    "percentage": {
        "ACTIVE": 99.99375565893409,
        "INACTIVE": 0.00624434106590902,
        "INVALID": 0.0,
        "MALICIOUS": 0.0,
        "SANE": 0.0,
        "VALID": 0.0,
        "total": 100.0
    }
}