{
    "counter": {
        "ACTIVE": 43975,
        "INACTIVE": 21,
        "INVALID": 0,
        "MALICIOUS": 0,
        "SANE": 0,
        "VALID": 0,
        "total": 43996
    },
    "percentage": {
        "ACTIVE": 99.95226838803528,
        "INACTIVE": 0.047731611964724065,
        "INVALID": 0.0,
        "MALICIOUS": 0.0,
        "SANE": 0.0,
        "VALID": 0.0,
        "total": 100.0
    }
}