{
    "counter": {
        "ACTIVE": 41141,
        "INACTIVE": 1,
        "INVALID": 0,
        "MALICIOUS": 0,
        "SANE": 0,
        "VALID": 0,
        "total": 41142
    },
    "percentage": {
        "ACTIVE": 99.99756939380681,
        "INACTIVE": 0.0024306061931845804,
        "INVALID": 0.0,
        "MALICIOUS": 0.0,
        "SANE": 0.0,
        "VALID": 0.0,
        "total": 100.0
    }
}