{
    "counter": {
        "ACTIVE": 37590,
        "INACTIVE": 2,
        "INVALID": 0,
        "MALICIOUS": 0,
        "SANE": 0,
        "VALID": 0,
        "total": 37592
    },
    "percentage": {
        "ACTIVE": 99.99467971908916,
        "INACTIVE": 0.005320280910832092,
        "INVALID": 0.0,
        "MALICIOUS": 0.0,
        "SANE": 0.0,
        "VALID": 0.0,
        "total": 100.0
    }
}