{
    "counter": {
        "ACTIVE": 41093,
        "INACTIVE": 1,
        "INVALID": 0,
        "MALICIOUS": 0,
        "SANE": 0,
        "VALID": 0,
        "total": 41094
    },
    "percentage": {
        "ACTIVE": 99.99756655472818,
        "INACTIVE": 0.002433445271815837,
        "INVALID": 0.0,
        "MALICIOUS": 0.0,
        "SANE": 0.0,
        "VALID": 0.0,
        "total": 100.0
    }
}