{
    "counter": {
        "ACTIVE": 43945,
        "INACTIVE": 33,
        "INVALID": 0,
        "MALICIOUS": 0,
        "SANE": 0,
        "VALID": 0,
        "total": 43978
    },
    "percentage": {
        "ACTIVE": 99.92496248124063,
        "INACTIVE": 0.0750375187593797,
        "INVALID": 0.0,
        "MALICIOUS": 0.0,
        "SANE": 0.0,
        "VALID": 0.0,
        "total": 100.0
    }
}