{
    "counter": {
        "ACTIVE": 43939,
        "INACTIVE": 1,
        "INVALID": 0,
        "MALICIOUS": 0,
        "SANE": 0,
        "VALID": 0,
        "total": 43940
    },
    "percentage": {
        "ACTIVE": 99.9977241693218,
        "INACTIVE": 0.002275830678197542,
        "INVALID": 0.0,
        "MALICIOUS": 0.0,
        "SANE": 0.0,
        "VALID": 0.0,
        "total": 100.0
    }
}