{
    "counter": {
        "ACTIVE": 43919,
        "INACTIVE": 4,
        "INVALID": 0,
        "MALICIOUS": 0,
        "SANE": 0,
        "VALID": 0,
        "total": 43923
    },
    "percentage": {
        "ACTIVE": 99.99089315392847,
        "INACTIVE": 0.009106846071534275,
        "INVALID": 0.0,
        "MALICIOUS": 0.0,
        "SANE": 0.0,
        "VALID": 0.0,
        "total": 100.0
    }
}