{
    "counter": {
        "ACTIVE": 41093,
        "INACTIVE": 3,
        "INVALID": 0,
        "MALICIOUS": 0,
        "SANE": 0,
        "VALID": 0,
        "total": 41096
    },
    "percentage": {
        "ACTIVE": 99.99270001946661,
        "INACTIVE": 0.007299980533385244,
        "INVALID": 0.0,
        "MALICIOUS": 0.0,
        "SANE": 0.0,
        "VALID": 0.0,
        "total": 100.0
    }
}