{
    "counter": {
        "ACTIVE": 43951,
        "INACTIVE": 1,
        "INVALID": 0,
        "MALICIOUS": 0,
        "SANE": 0,
        "VALID": 0,
        "total": 43952
    },
    "percentage": {
        "ACTIVE": 99.99772479068075,
        "INACTIVE": 0.0022752093192573717,
        "INVALID": 0.0,
        "MALICIOUS": 0.0,
        "SANE": 0.0,
        "VALID": 0.0,
        "total": 100.0
    }
}