{
    "counter": {
        "ACTIVE": 41572,
        "INACTIVE": 35,
        "INVALID": 0,
        "MALICIOUS": 0,
        "SANE": 0,
        "VALID": 0,
        "total": 41607
    },
    "percentage": {
        "ACTIVE": 99.91587953950057,
        "INACTIVE": 0.0841204604994352,
        "INVALID": 0.0,
        "MALICIOUS": 0.0,
        "SANE": 0.0,
        "VALID": 0.0,
        "total": 100.0
    }
}