{
    "counter": {
        "ACTIVE": 35475,
        "INACTIVE": 1,
        "INVALID": 0,
        "MALICIOUS": 0,
        "SANE": 0,
        "VALID": 0,
        "total": 35476
    },
    "percentage": {
        "ACTIVE": 99.99718119291916,
        "INACTIVE": 0.002818807080843387,
        "INVALID": 0.0,
        "MALICIOUS": 0.0,
        "SANE": 0.0,
        "VALID": 0.0,
        "total": 100.0
    }
}