{
    "counter": {
        "ACTIVE": 43877,
        "INACTIVE": 30,
        "INVALID": 0,
        "MALICIOUS": 0,
        "SANE": 0,
        "VALID": 0,
        "total": 43907
    },
    "percentage": {
        "ACTIVE": 99.9316737650033,
        "INACTIVE": 0.06832623499669757,
        "INVALID": 0.0,
        "MALICIOUS": 0.0,
        "SANE": 0.0,
        "VALID": 0.0,
        "total": 100.0
    }
}