{
    "counter": {
        "ACTIVE": 32946,
        "INACTIVE": 39,
        "INVALID": 0,
        "MALICIOUS": 0,
        "SANE": 0,
        "VALID": 0,
        "total": 32985
    },
    "percentage": {
        "ACTIVE": 99.88176443838108,
        "INACTIVE": 0.11823556161891768,
        "INVALID": 0.0,
        "MALICIOUS": 0.0,
        "SANE": 0.0,
        "VALID": 0.0,
        "total": 100.0
    }
}