{
    "counter": {
        "ACTIVE": 43935,
        "INACTIVE": 20,
        "INVALID": 0,
        "MALICIOUS": 0,
        "SANE": 0,
        "VALID": 0,
        "total": 43955
    },
    "percentage": {
        "ACTIVE": 99.95449891934933,
        "INACTIVE": 0.04550108065066545,
        "INVALID": 0.0,
        "MALICIOUS": 0.0,
        "SANE": 0.0,
        "VALID": 0.0,
        "total": 100.0
    }
}