{
    "counter": {
        "ACTIVE": 41086,
        "INACTIVE": 2,
        "INVALID": 0,
        "MALICIOUS": 0,
        "SANE": 0,
        "VALID": 0,
        "total": 41088
    },
    "percentage": {
        "ACTIVE": 99.9951323987539,
        "INACTIVE": 0.004867601246105919,
        "INVALID": 0.0,
        "MALICIOUS": 0.0,
        "SANE": 0.0,
        "VALID": 0.0,
        "total": 100.0
    }
}