{
    "counter": {
        "ACTIVE": 43915,
        "INACTIVE": 33,
        "INVALID": 0,
        "MALICIOUS": 0,
        "SANE": 0,
        "VALID": 0,
        "total": 43948
    },
    "percentage": {
        "ACTIVE": 99.92491125876035,
        "INACTIVE": 0.07508874123964686,
        "INVALID": 0.0,
        "MALICIOUS": 0.0,
        "SANE": 0.0,
        "VALID": 0.0,
        "total": 100.0
    }
}