{
    "counter": {
        "ACTIVE": 31533,
        "INACTIVE": 10,
        "INVALID": 0,
        "MALICIOUS": 0,
        "SANE": 0,
        "VALID": 0,
        "total": 31543
    },
    "percentage": {
        "ACTIVE": 99.9682972450306,
        "INACTIVE": 0.03170275496940684,
        "INVALID": 0.0,
        "MALICIOUS": 0.0,
        "SANE": 0.0,
        "VALID": 0.0,
        "total": 100.0
    }
}