{
    "counter": {
        "ACTIVE": 41598,
        "INACTIVE": 25,
        "INVALID": 0,
        "MALICIOUS": 0,
        "SANE": 0,
        "VALID": 0,
        "total": 41623
    },
    "percentage": {
        "ACTIVE": 99.93993705403263,
        "INACTIVE": 0.060062945967373806,
        "INVALID": 0.0,
        "MALICIOUS": 0.0,
        "SANE": 0.0,
        "VALID": 0.0,
        "total": 100.0
    }
}