{
    "counter": {
        "ACTIVE": 43992,
        "INACTIVE": 21,
        "INVALID": 0,
        "MALICIOUS": 0,
        "SANE": 0,
        "VALID": 0,
        "total": 44013
    },
    "percentage": {
        "ACTIVE": 99.95228682434735,
        "INACTIVE": 0.04771317565264808,
        "INVALID": 0.0,
        "MALICIOUS": 0.0,
        "SANE": 0.0,
        "VALID": 0.0,
        "total": 100.0
    }
}