{
    "counter": {
        "ACTIVE": 41120,
        "INACTIVE": 1,
        "INVALID": 0,
        "MALICIOUS": 0,
        "SANE": 0,
        "VALID": 0,
        "total": 41121
    },
    "percentage": {
        "ACTIVE": 99.99756815252547,
        "INACTIVE": 0.0024318474745263978,
        "INVALID": 0.0,
        "MALICIOUS": 0.0,
        "SANE": 0.0,
        "VALID": 0.0,
        "total": 100.0
    }
}