{
    "counter": {
        "ACTIVE": 44028,
        "INACTIVE": 5,
        "INVALID": 0,
        "MALICIOUS": 0,
        "SANE": 0,
        "VALID": 0,
        "total": 44033
    },
    "percentage": {
        "ACTIVE": 99.98864487997638,
        "INACTIVE": 0.01135512002361865,
        "INVALID": 0.0,
        "MALICIOUS": 0.0,
        "SANE": 0.0,
        "VALID": 0.0,
        "total": 100.0
    }
}