{
    "counter": {
        "ACTIVE": 33708,
        "INACTIVE": 39,
        "INVALID": 0,
        "MALICIOUS": 0,
        "SANE": 0,
        "VALID": 0,
        "total": 33747
    },
    "percentage": {
        "ACTIVE": 99.88443417192639,
        "INACTIVE": 0.11556582807360655,
        "INVALID": 0.0,
        "MALICIOUS": 0.0,
        "SANE": 0.0,
        "VALID": 0.0,
        "total": 100.0
    }
}