{
    "counter": {
        "ACTIVE": 41147,
        "INACTIVE": 2,
        "INVALID": 0,
        "MALICIOUS": 0,
        "SANE": 0,
        "VALID": 0,
        "total": 41149
    },
    "percentage": {
        "ACTIVE": 99.99513961457143,
        "INACTIVE": 0.004860385428564485,
        "INVALID": 0.0,
        "MALICIOUS": 0.0,
        "SANE": 0.0,
        "VALID": 0.0,
        "total": 100.0
    }
}