{
    "counter": {
        "ACTIVE": 44007,
        "INACTIVE": 18,
        "INVALID": 0,
        "MALICIOUS": 0,
        "SANE": 0,
        "VALID": 0,
        "total": 44025
    },
    "percentage": {
        "ACTIVE": 99.95911413969336,
        "INACTIVE": 0.04088586030664395,
        "INVALID": 0.0,
        "MALICIOUS": 0.0,
        "SANE": 0.0,
        "VALID": 0.0,
        "total": 100.0
    }
}