{
    "counter": {
        "ACTIVE": 33611,
        "INACTIVE": 8,
        "INVALID": 0,
        "MALICIOUS": 0,
        "SANE": 0,
        "VALID": 0,
        "total": 33619
    },
    "percentage": {
        "ACTIVE": 99.9762039323002,
        "INACTIVE": 0.023796067699812604,
        "INVALID": 0.0,
        "MALICIOUS": 0.0,
        "SANE": 0.0,
        "VALID": 0.0,
        "total": 100.0
    }
}