{
    "counter": {
        "ACTIVE": 38490,
        "INACTIVE": 3,
        "INVALID": 0,
        "MALICIOUS": 0,
        "SANE": 0,
        "VALID": 0,
        "total": 38493
    },
    "percentage": {
        "ACTIVE": 99.9922063751851,
        "INACTIVE": 0.007793624814901411,
        "INVALID": 0.0,
        "MALICIOUS": 0.0,
        "SANE": 0.0,
        "VALID": 0.0,
        "total": 100.0
    }
}