{
    "counter": {
        "ACTIVE": 41387,
        "INACTIVE": 48,
        "INVALID": 0,
        "MALICIOUS": 0,
        "SANE": 0,
        "VALID": 0,
        "total": 41435
    },
    "percentage": {
        "ACTIVE": 99.88415590684204,
        "INACTIVE": 0.11584409315795825,
        "INVALID": 0.0,
        "MALICIOUS": 0.0,
        "SANE": 0.0,
        "VALID": 0.0,
        "total": 100.0
    }
}