{
    "counter": {
        "ACTIVE": 34090,
        "INACTIVE": 9,
        "INVALID": 0,
        "MALICIOUS": 0,
        "SANE": 0,
        "VALID": 0,
        "total": 34099
    },
    "percentage": {
        "ACTIVE": 99.97360626411331,
        "INACTIVE": 0.026393735886682895,
        "INVALID": 0.0,
        "MALICIOUS": 0.0,
        "SANE": 0.0,
        "VALID": 0.0,
        "total": 100.0
    }
}