{
    "counter": {
        "ACTIVE": 43953,
        "INACTIVE": 5,
        "INVALID": 0,
        "MALICIOUS": 0,
        "SANE": 0,
        "VALID": 0,
        "total": 43958
    },
    "percentage": {
        "ACTIVE": 99.98862550616498,
        "INACTIVE": 0.01137449383502434,
        "INVALID": 0.0,
        "MALICIOUS": 0.0,
        "SANE": 0.0,
        "VALID": 0.0,
        "total": 100.0
    }
}