{
    "counter": {
        "ACTIVE": 43874,
        "INACTIVE": 7,
        "INVALID": 0,
        "MALICIOUS": 0,
        "SANE": 0,
        "VALID": 0,
        "total": 43881
    },
    "percentage": {
        "ACTIVE": 99.98404776554773,
        "INACTIVE": 0.015952234452268635,
        "INVALID": 0.0,
        "MALICIOUS": 0.0,
        "SANE": 0.0,
        "VALID": 0.0,
        "total": 100.0
    }
}