{
    "counter": {
        "ACTIVE": 34942,
        "INACTIVE": 1,
        "INVALID": 0,
        "MALICIOUS": 0,
        "SANE": 0,
        "VALID": 0,
        "total": 34943
    },
    "percentage": {
        "ACTIVE": 99.99713819649143,
        "INACTIVE": 0.0028618035085711015,
        "INVALID": 0.0,
        "MALICIOUS": 0.0,
        "SANE": 0.0,
        "VALID": 0.0,
        "total": 100.0
    }
}