{
    "counter": {
        "ACTIVE": 31801,
        "INACTIVE": 17,
        "INVALID": 0,
        "MALICIOUS": 0,
        "SANE": 0,
        "VALID": 0,
        "total": 31818
    },
    "percentage": {
        "ACTIVE": 99.94657112326357,
        "INACTIVE": 0.053428876736438494,
        "INVALID": 0.0,
        "MALICIOUS": 0.0,
        "SANE": 0.0,
        "VALID": 0.0,
        "total": 100.0
    }
}