{
    "counter": {
        "ACTIVE": 41461,
        "INACTIVE": 28,
        "INVALID": 0,
        "MALICIOUS": 0,
        "SANE": 0,
        "VALID": 0,
        "total": 41489
    },
    "percentage": {
        "ACTIVE": 99.93251223215792,
        "INACTIVE": 0.06748776784207862,
        "INVALID": 0.0,
        "MALICIOUS": 0.0,
        "SANE": 0.0,
        "VALID": 0.0,
        "total": 100.0
    }
}