{
    "counter": {
        "ACTIVE": 34244,
        "INACTIVE": 27,
        "INVALID": 0,
        "MALICIOUS": 0,
        "SANE": 0,
        "VALID": 0,
        "total": 34271
    },
    "percentage": {
        "ACTIVE": 99.92121618861428,
        "INACTIVE": 0.0787838113857197,
        "INVALID": 0.0,
        "MALICIOUS": 0.0,
        "SANE": 0.0,
        "VALID": 0.0,
        "total": 100.0
    }
}