{
    "counter": {
        "ACTIVE": 43971,
        "INACTIVE": 14,
        "INVALID": 0,
        "MALICIOUS": 0,
        "SANE": 0,
        "VALID": 0,
        "total": 43985
    },
    "percentage": {
        "ACTIVE": 99.96817096737524,
        "INACTIVE": 0.03182903262475844,
        "INVALID": 0.0,
        "MALICIOUS": 0.0,
        "SANE": 0.0,
        "VALID": 0.0,
        "total": 100.0
    }
}