{
    "counter": {
        "ACTIVE": 44037,
        "INACTIVE": 62,
        "INVALID": 0,
        "MALICIOUS": 0,
        "SANE": 0,
        "VALID": 0,
        "total": 44099
    },
    "percentage": {
        "ACTIVE": 99.85940724279462,
        "INACTIVE": 0.1405927572053788,
        "INVALID": 0.0,
        "MALICIOUS": 0.0,
        "SANE": 0.0,
        "VALID": 0.0,
        "total": 100.0
    }
}