{
    "counter": {
        "ACTIVE": 33325,
        "INACTIVE": 34,
        "INVALID": 0,
        "MALICIOUS": 0,
        "SANE": 0,
        "VALID": 0,
        "total": 33359
    },
    "percentage": {
        "ACTIVE": 99.89807847957073,
        "INACTIVE": 0.10192152042926947,
        "INVALID": 0.0,
        "MALICIOUS": 0.0,
        "SANE": 0.0,
        "VALID": 0.0,
        "total": 100.0
    }
}