{
    "counter": {
        "ACTIVE": 37050,
        "INACTIVE": 1,
        "INVALID": 0,
        "MALICIOUS": 0,
        "SANE": 0,
        "VALID": 0,
        "total": 37051
    },
    "percentage": {
        "ACTIVE": 99.99730101751639,
        "INACTIVE": 0.0026989824836036813,
        "INVALID": 0.0,
        "MALICIOUS": 0.0,
        "SANE": 0.0,
        "VALID": 0.0,
        "total": 100.0
    }
}