{
    "counter": {
        "ACTIVE": 41807,
        "INACTIVE": 20,
        "INVALID": 0,
        "MALICIOUS": 0,
        "SANE": 0,
        "VALID": 0,
        "total": 41827
    },
    "percentage": {
        "ACTIVE": 99.95218399598346,
        "INACTIVE": 0.04781600401654434,
        "INVALID": 0.0,
        "MALICIOUS": 0.0,
        "SANE": 0.0,
        "VALID": 0.0,
        "total": 100.0
    }
}