{
    "counter": {
        "ACTIVE": 31675,
        "INACTIVE": 5,
        "INVALID": 0,
        "MALICIOUS": 0,
        "SANE": 0,
        "VALID": 0,
        "total": 31680
    },
    "percentage": {
        "ACTIVE": 99.98421717171718,
        "INACTIVE": 0.015782828282828284,
        "INVALID": 0.0,
        "MALICIOUS": 0.0,
        "SANE": 0.0,
        "VALID": 0.0,
        "total": 100.0
    }
}