{
    "counter": {
        "ACTIVE": 32185,
        "INACTIVE": 41,
        "INVALID": 0,
        "MALICIOUS": 0,
        "SANE": 0,
        "VALID": 0,
        "total": 32226
    },
    "percentage": {
        "ACTIVE": 99.87277353689568,
        "INACTIVE": 0.1272264631043257,
        "INVALID": 0.0,
        "MALICIOUS": 0.0,
        "SANE": 0.0,
        "VALID": 0.0,
        "total": 100.0
    }
}