{
    "counter": {
        "ACTIVE": 33478,
        "INACTIVE": 1,
        "INVALID": 0,
        "MALICIOUS": 0,
        "SANE": 0,
        "VALID": 0,
        "total": 33479
    },
    "percentage": {
        "ACTIVE": 99.99701305295856,
        "INACTIVE": 0.0029869470414289555,
        "INVALID": 0.0,
        "MALICIOUS": 0.0,
        "SANE": 0.0,
        "VALID": 0.0,
        "total": 100.0
    }
}