{
    "counter": {
        "ACTIVE": 38210,
        "INACTIVE": 1,
        "INVALID": 0,
        "MALICIOUS": 0,
        "SANE": 0,
        "VALID": 0,
        "total": 38211
    },
    "percentage": {
        "ACTIVE": 99.99738295255293,
        "INACTIVE": 0.0026170474470702154,
        "INVALID": 0.0,
        "MALICIOUS": 0.0,
        "SANE": 0.0,
        "VALID": 0.0,
        "total": 100.0
    }
}