{
    "counter": {
        "ACTIVE": 43859,
        "INACTIVE": 3,
        "INVALID": 0,
        "MALICIOUS": 0,
        "SANE": 0,
        "VALID": 0,
        "total": 43862
    },
    "percentage": {
        "ACTIVE": 99.99316036660434,
        "INACTIVE": 0.006839633395649993,
        "INVALID": 0.0,
        "MALICIOUS": 0.0,
        "SANE": 0.0,
        "VALID": 0.0,
        "total": 100.0
    }
}