{
    "counter": {
        "ACTIVE": 41244,
        "INACTIVE": 33,
        "INVALID": 0,
        "MALICIOUS": 0,
        "SANE": 0,
        "VALID": 0,
        "total": 41277
    },
    "percentage": {
        "ACTIVE": 99.9200523293844,
        "INACTIVE": 0.07994767061559706,
        "INVALID": 0.0,
        "MALICIOUS": 0.0,
        "SANE": 0.0,
        "VALID": 0.0,
        "total": 100.0
    }
}