{
    "counter": {
        "ACTIVE": 38997,
        "INACTIVE": 1,
        "INVALID": 0,
        "MALICIOUS": 0,
        "SANE": 0,
        "VALID": 0,
        "total": 38998
    },
    "percentage": {
        "ACTIVE": 99.99743576593671,
        "INACTIVE": 0.0025642340632852966,
        "INVALID": 0.0,
        "MALICIOUS": 0.0,
        "SANE": 0.0,
        "VALID": 0.0,
        "total": 100.0
    }
}