{
    "counter": {
        "ACTIVE": 41096,
        "INACTIVE": 3,
        "INVALID": 0,
        "MALICIOUS": 0,
        "SANE": 0,
        "VALID": 0,
        "total": 41099
    },
    "percentage": {
        "ACTIVE": 99.99270055232488,
        "INACTIVE": 0.007299447675125916,
        "INVALID": 0.0,
        "MALICIOUS": 0.0,
        "SANE": 0.0,
        "VALID": 0.0,
        "total": 100.0
    }
}