{
    "counter": {
        "ACTIVE": 32998,
        "INACTIVE": 3,
        "INVALID": 0,
        "MALICIOUS": 0,
        "SANE": 0,
        "VALID": 0,
        "total": 33001
    },
    "percentage": {
        "ACTIVE": 99.99090936638284,
        "INACTIVE": 0.009090633617163116,
        "INVALID": 0.0,
        "MALICIOUS": 0.0,
        "SANE": 0.0,
        "VALID": 0.0,
        "total": 100.0
    }
}