{
    "counter": {
        "ACTIVE": 36871,
        "INACTIVE": 1,
        "INVALID": 0,
        "MALICIOUS": 0,
        "SANE": 0,
        "VALID": 0,
        "total": 36872
    },
    "percentage": {
        "ACTIVE": 99.99728791494901,
        "INACTIVE": 0.0027120850509871988,
        "INVALID": 0.0,
        "MALICIOUS": 0.0,
        "SANE": 0.0,
        "VALID": 0.0,
        "total": 100.0
    }
}