{
    "counter": {
        "ACTIVE": 32067,
        "INACTIVE": 1,
        "INVALID": 0,
        "MALICIOUS": 0,
        "SANE": 0,
        "VALID": 0,
        "total": 32068
    },
    "percentage": {
        "ACTIVE": 99.9968816265436,
        "INACTIVE": 0.003118373456405139,
        "INVALID": 0.0,
        "MALICIOUS": 0.0,
        "SANE": 0.0,
        "VALID": 0.0,
        "total": 100.0
    }
}