{
    "counter": {
        "ACTIVE": 41083,
        "INACTIVE": 3,
        "INVALID": 0,
        "MALICIOUS": 0,
        "SANE": 0,
        "VALID": 0,
        "total": 41086
    },
    "percentage": {
        "ACTIVE": 99.99269824271042,
        "INACTIVE": 0.007301757289587694,
        "INVALID": 0.0,
        "MALICIOUS": 0.0,
        "SANE": 0.0,
        "VALID": 0.0,
        "total": 100.0
    }
}