{
    "counter": {
        "ACTIVE": 31519,
        "INACTIVE": 17,
        "INVALID": 0,
        "MALICIOUS": 0,
        "SANE": 0,
        "VALID": 0,
        "total": 31536
    },
    "percentage": {
        "ACTIVE": 99.9460933536276,
        "INACTIVE": 0.053906646372399794,
        "INVALID": 0.0,
        "MALICIOUS": 0.0,
        "SANE": 0.0,
        "VALID": 0.0,
        "total": 100.0
    }
}