{
    "counter": {
        "ACTIVE": 43866,
        "INACTIVE": 7,
        "INVALID": 0,
        "MALICIOUS": 0,
        "SANE": 0,
        "VALID": 0,
        "total": 43873
    },
    "percentage": {
        "ACTIVE": 99.98404485674561,
        "INACTIVE": 0.015955143254393362,
        "INVALID": 0.0,
        "MALICIOUS": 0.0,
        "SANE": 0.0,
        "VALID": 0.0,
        "total": 100.0
    }
}