{
    "counter": {
        "ACTIVE": 33328,
        "INACTIVE": 1,
        "INVALID": 0,
        "MALICIOUS": 0,
        "SANE": 0,
        "VALID": 0,
        "total": 33329
    },
    "percentage": {
        "ACTIVE": 99.9969996099493,
        "INACTIVE": 0.003000390050706592,
        "INVALID": 0.0,
        "MALICIOUS": 0.0,
        "SANE": 0.0,
        "VALID": 0.0,
        "total": 100.0
    }
}