{
    "counter": {
        "ACTIVE": 43960,
        "INACTIVE": 13,
        "INVALID": 0,
        "MALICIOUS": 0,
        "SANE": 0,
        "VALID": 0,
        "total": 43973
    },
    "percentage": {
        "ACTIVE": 99.9704364041571,
        "INACTIVE": 0.0295635958429036,
        "INVALID": 0.0,
        "MALICIOUS": 0.0,
        "SANE": 0.0,
        "VALID": 0.0,
        "total": 100.0
    }
}