{
    "counter": {
        "ACTIVE": 43860,
        "INACTIVE": 3,
        "INVALID": 0,
        "MALICIOUS": 0,
        "SANE": 0,
        "VALID": 0,
        "total": 43863
    },
    "percentage": {
        "ACTIVE": 99.99316052253607,
        "INACTIVE": 0.006839477463921756,
        "INVALID": 0.0,
        "MALICIOUS": 0.0,
        "SANE": 0.0,
        "VALID": 0.0,
        "total": 100.0
    }
}