{
    "counter": {
        "ACTIVE": 44097,
        "INACTIVE": 8,
        "INVALID": 0,
        "MALICIOUS": 0,
        "SANE": 0,
        "VALID": 0,
        "total": 44105
    },
    "percentage": {
        "ACTIVE": 99.98186146695386,
        "INACTIVE": 0.018138533046139892,
        "INVALID": 0.0,
        "MALICIOUS": 0.0,
        "SANE": 0.0,
        "VALID": 0.0,
        "total": 100.0
    }
}