{
    "counter": {
        "ACTIVE": 43968,
        "INACTIVE": 9,
        "INVALID": 0,
        "MALICIOUS": 0,
        "SANE": 0,
        "VALID": 0,
        "total": 43977
    },
    "percentage": {
        "ACTIVE": 99.9795347568047,
        "INACTIVE": 0.020465243195306636,
        "INVALID": 0.0,
        "MALICIOUS": 0.0,
        "SANE": 0.0,
        "VALID": 0.0,
        "total": 100.0
    }
}