{
    "counter": {
        "ACTIVE": 44036,
        "INACTIVE": 12,
        "INVALID": 0,
        "MALICIOUS": 0,
        "SANE": 0,
        "VALID": 0,
        "total": 44048
    },
    "percentage": {
        "ACTIVE": 99.97275699237196,
        "INACTIVE": 0.027243007628042135,
        "INVALID": 0.0,
        "MALICIOUS": 0.0,
        "SANE": 0.0,
        "VALID": 0.0,
        "total": 100.0
    }
}