{
    "counter": {
        "ACTIVE": 44086,
        "INACTIVE": 9,
        "INVALID": 0,
        "MALICIOUS": 0,
        "SANE": 0,
        "VALID": 0,
        "total": 44095
    },
    "percentage": {
        "ACTIVE": 99.97958952262161,
        "INACTIVE": 0.02041047737838757,
        "INVALID": 0.0,
        "MALICIOUS": 0.0,
        "SANE": 0.0,
        "VALID": 0.0,
        "total": 100.0
    }
}