{
    "counter": {
        "ACTIVE": 32886,
        "INACTIVE": 5,
        "INVALID": 0,
        "MALICIOUS": 0,
        "SANE": 0,
        "VALID": 0,
        "total": 32891
    },
    "percentage": {
        "ACTIVE": 99.98479827308383,
        "INACTIVE": 0.015201726916177678,
        "INVALID": 0.0,
        "MALICIOUS": 0.0,
        "SANE": 0.0,
        "VALID": 0.0,
        "total": 100.0
    }
}