{
    "counter": {
        "ACTIVE": 43877,
        "INACTIVE": 10,
        "INVALID": 0,
        "MALICIOUS": 0,
        "SANE": 0,
        "VALID": 0,
        "total": 43887
    },
    "percentage": {
        "ACTIVE": 99.97721420921913,
        "INACTIVE": 0.02278579078086905,
        "INVALID": 0.0,
        "MALICIOUS": 0.0,
        "SANE": 0.0,
        "VALID": 0.0,
        "total": 100.0
    }
}