{
    "counter": {
        "ACTIVE": 33773,
        "INACTIVE": 52,
        "INVALID": 0,
        "MALICIOUS": 0,
        "SANE": 0,
        "VALID": 0,
        "total": 33825
    },
    "percentage": {
        "ACTIVE": 99.84626755358462,
        "INACTIVE": 0.15373244641537326,
        "INVALID": 0.0,
        "MALICIOUS": 0.0,
        "SANE": 0.0,
        "VALID": 0.0,
        "total": 100.0
    }
}