{
    "counter": {
        "ACTIVE": 41904,
        "INACTIVE": 3092,
        "INVALID": 4,
        "MALICIOUS": 0,
        "SANE": 0,
        "VALID": 0,
        "total": 45000
    },
    "percentage": {
        "ACTIVE": 93.12,
        "INACTIVE": 6.871111111111111,
        "INVALID": 0.008888888888888889,
        "MALICIOUS": 0.0,
        "SANE": 0.0,
        "VALID": 0.0,
        "total": 100.0
    }
}