{
    "counter": {
        "ACTIVE": 41097,
        "INACTIVE": 20,
        "INVALID": 0,
        "MALICIOUS": 0,
        "SANE": 0,
        "VALID": 0,
        "total": 41117
    },
    "percentage": {
        "ACTIVE": 99.9513583189435,
        "INACTIVE": 0.04864168105649731,
        "INVALID": 0.0,
        "MALICIOUS": 0.0,
        "SANE": 0.0,
        "VALID": 0.0,
        "total": 100.0
    }
}