{
    "counter": {
        "ACTIVE": 41121,
        "INACTIVE": 1,
        "INVALID": 0,
        "MALICIOUS": 0,
        "SANE": 0,
        "VALID": 0,
        "total": 41122
    },
    "percentage": {
        "ACTIVE": 99.99756821166285,
        "INACTIVE": 0.002431788337143135,
        "INVALID": 0.0,
        "MALICIOUS": 0.0,
        "SANE": 0.0,
        "VALID": 0.0,
        "total": 100.0
    }
}