{
    "counter": {
        "ACTIVE": 31678,
        "INACTIVE": 2,
        "INVALID": 0,
        "MALICIOUS": 0,
        "SANE": 0,
        "VALID": 0,
        "total": 31680
    },
    "percentage": {
        "ACTIVE": 99.99368686868686,
        "INACTIVE": 0.006313131313131313,
        "INVALID": 0.0,
        "MALICIOUS": 0.0,
        "SANE": 0.0,
        "VALID": 0.0,
        "total": 100.0
    }
}