{
    "counter": {
        "ACTIVE": 41136,
        "INACTIVE": 31,
        "INVALID": 0,
        "MALICIOUS": 0,
        "SANE": 0,
        "VALID": 0,
        "total": 41167
    },
    "percentage": {
        "ACTIVE": 99.92469696601647,
        "INACTIVE": 0.0753030339835305,
        "INVALID": 0.0,
        "MALICIOUS": 0.0,
        "SANE": 0.0,
        "VALID": 0.0,
        "total": 100.0
    }
}