{
    "counter": {
        "ACTIVE": 33600,
        "INACTIVE": 41,
        "INVALID": 0,
        "MALICIOUS": 0,
        "SANE": 0,
        "VALID": 0,
        "total": 33641
    },
    "percentage": {
        "ACTIVE": 99.8781249071074,
        "INACTIVE": 0.12187509289260129,
        "INVALID": 0.0,
        "MALICIOUS": 0.0,
        "SANE": 0.0,
        "VALID": 0.0,
        "total": 100.0
    }
}