{
    "counter": {
        "ACTIVE": 43884,
        "INACTIVE": 3,
        "INVALID": 0,
        "MALICIOUS": 0,
        "SANE": 0,
        "VALID": 0,
        "total": 43887
    },
    "percentage": {
        "ACTIVE": 99.99316426276575,
        "INACTIVE": 0.006835737234260715,
        "INVALID": 0.0,
        "MALICIOUS": 0.0,
        "SANE": 0.0,
        "VALID": 0.0,
        "total": 100.0
    }
}