{
    "counter": {
        "ACTIVE": 41277,
        "INACTIVE": 50,
        "INVALID": 0,
        "MALICIOUS": 0,
        "SANE": 0,
        "VALID": 0,
        "total": 41327
    },
    "percentage": {
        "ACTIVE": 99.87901371984417,
        "INACTIVE": 0.12098628015583032,
        "INVALID": 0.0,
        "MALICIOUS": 0.0,
        "SANE": 0.0,
        "VALID": 0.0,
        "total": 100.0
    }
}