{
    "counter": {
        "ACTIVE": 30692,
        "INACTIVE": 26,
        "INVALID": 0,
        "MALICIOUS": 0,
        "SANE": 0,
        "VALID": 0,
        "total": 30718
    },
    "percentage": {
        "ACTIVE": 99.9153590728563,
        "INACTIVE": 0.08464092714369426,
        "INVALID": 0.0,
        "MALICIOUS": 0.0,
        "SANE": 0.0,
        "VALID": 0.0,
        "total": 100.0
    }
}