{
    "counter": {
        "ACTIVE": 32541,
        "INACTIVE": 8,
        "INVALID": 0,
        "MALICIOUS": 0,
        "SANE": 0,
        "VALID": 0,
        "total": 32549
    },
    "percentage": {
        "ACTIVE": 99.97542167194077,
        "INACTIVE": 0.02457832805923377,
        "INVALID": 0.0,
        "MALICIOUS": 0.0,
        "SANE": 0.0,
        "VALID": 0.0,
        "total": 100.0
    }
}