{
    "counter": {
        "ACTIVE": 41825,
        "INACTIVE": 13,
        "INVALID": 0,
        "MALICIOUS": 0,
        "SANE": 0,
        "VALID": 0,
        "total": 41838
    },
    "percentage": {
        "ACTIVE": 99.96892776901382,
        "INACTIVE": 0.031072230986184807,
        "INVALID": 0.0,
        "MALICIOUS": 0.0,
        "SANE": 0.0,
        "VALID": 0.0,
        "total": 100.0
    }
}