{
    "counter": {
        "ACTIVE": 41097,
        "INACTIVE": 4,
        "INVALID": 0,
        "MALICIOUS": 0,
        "SANE": 0,
        "VALID": 0,
        "total": 41101
    },
    "percentage": {
        "ACTIVE": 99.99026787669399,
        "INACTIVE": 0.009732123306002287,
        "INVALID": 0.0,
        "MALICIOUS": 0.0,
        "SANE": 0.0,
        "VALID": 0.0,
        "total": 100.0
    }
}