{
    "counter": {
        "ACTIVE": 43879,
        "INACTIVE": 1,
        "INVALID": 0,
        "MALICIOUS": 0,
        "SANE": 0,
        "VALID": 0,
        "total": 43880
    },
    "percentage": {
        "ACTIVE": 99.99772105742936,
        "INACTIVE": 0.0022789425706472195,
        "INVALID": 0.0,
        "MALICIOUS": 0.0,
        "SANE": 0.0,
        "VALID": 0.0,
        "total": 100.0
    }
}