{
    "counter": {
        "ACTIVE": 41487,
        "INACTIVE": 48,
        "INVALID": 0,
        "MALICIOUS": 0,
        "SANE": 0,
        "VALID": 0,
        "total": 41535
    },
    "percentage": {
        "ACTIVE": 99.88443481401228,
        "INACTIVE": 0.1155651859877212,
        "INVALID": 0.0,
        "MALICIOUS": 0.0,
        "SANE": 0.0,
        "VALID": 0.0,
        "total": 100.0
    }
}