{
    "counter": {
        "ACTIVE": 34318,
        "INACTIVE": 1,
        "INVALID": 0,
        "MALICIOUS": 0,
        "SANE": 0,
        "VALID": 0,
        "total": 34319
    },
    "percentage": {
        "ACTIVE": 99.99708616218422,
        "INACTIVE": 0.0029138378157871733,
        "INVALID": 0.0,
        "MALICIOUS": 0.0,
        "SANE": 0.0,
        "VALID": 0.0,
        "total": 100.0
    }
}