{
    "counter": {
        "ACTIVE": 41115,
        "INACTIVE": 18,
        "INVALID": 0,
        "MALICIOUS": 0,
        "SANE": 0,
        "VALID": 0,
        "total": 41133
    },
    "percentage": {
        "ACTIVE": 99.95623951571731,
        "INACTIVE": 0.043760484282692726,
        "INVALID": 0.0,
        "MALICIOUS": 0.0,
        "SANE": 0.0,
        "VALID": 0.0,
        "total": 100.0
    }
}