{
    "counter": {
        "ACTIVE": 41093,
        "INACTIVE": 5,
        "INVALID": 0,
        "MALICIOUS": 0,
        "SANE": 0,
        "VALID": 0,
        "total": 41098
    },
    "percentage": {
        "ACTIVE": 99.98783395785684,
        "INACTIVE": 0.012166042143169985,
        "INVALID": 0.0,
        "MALICIOUS": 0.0,
        "SANE": 0.0,
        "VALID": 0.0,
        "total": 100.0
    }
}