{
    "counter": {
        "ACTIVE": 43930,
        "INACTIVE": 1,
        "INVALID": 0,
        "MALICIOUS": 0,
        "SANE": 0,
        "VALID": 0,
        "total": 43931
    },
    "percentage": {
        "ACTIVE": 99.99772370307983,
        "INACTIVE": 0.002276296920170267,
        "INVALID": 0.0,
        "MALICIOUS": 0.0,
        "SANE": 0.0,
        "VALID": 0.0,
        "total": 100.0
    }
}