{
    "counter": {
        "ACTIVE": 41149,
        "INACTIVE": 1,
        "INVALID": 0,
        "MALICIOUS": 0,
        "SANE": 0,
        "VALID": 0,
        "total": 41150
    },
    "percentage": {
        "ACTIVE": 99.99756986634264,
        "INACTIVE": 0.002430133657351154,
        "INVALID": 0.0,
        "MALICIOUS": 0.0,
        "SANE": 0.0,
        "VALID": 0.0,
        "total": 100.0
    }
}