{
    "counter": {
        "ACTIVE": 41658,
        "INACTIVE": 15,
        "INVALID": 0,
        "MALICIOUS": 0,
        "SANE": 0,
        "VALID": 0,
        "total": 41673
    },
    "percentage": {
        "ACTIVE": 99.96400547116838,
        "INACTIVE": 0.03599452883161759,
        "INVALID": 0.0,
        "MALICIOUS": 0.0,
        "SANE": 0.0,
        "VALID": 0.0,
        "total": 100.0
    }
}