{
    "counter": {
        "ACTIVE": 43967,
        "INACTIVE": 1,
        "INVALID": 0,
        "MALICIOUS": 0,
        "SANE": 0,
        "VALID": 0,
        "total": 43968
    },
    "percentage": {
        "ACTIVE": 99.99772561863173,
        "INACTIVE": 0.002274381368267831,
        "INVALID": 0.0,
        "MALICIOUS": 0.0,
        "SANE": 0.0,
        "VALID": 0.0,
        "total": 100.0
    }
}