{
    "counter": {
        "ACTIVE": 37612,
        "INACTIVE": 1,
        "INVALID": 0,
        "MALICIOUS": 0,
        "SANE": 0,
        "VALID": 0,
        "total": 37613
    },
    "percentage": {
        "ACTIVE": 99.99734134474782,
        "INACTIVE": 0.0026586552521734507,
        "INVALID": 0.0,
        "MALICIOUS": 0.0,
        "SANE": 0.0,
        "VALID": 0.0,
        "total": 100.0
    }
}