{
    "counter": {
        "ACTIVE": 36838,
        "INACTIVE": 2,
        "INVALID": 0,
        "MALICIOUS": 0,
        "SANE": 0,
        "VALID": 0,
        "total": 36840
    },
    "percentage": {
        "ACTIVE": 99.99457111834963,
        "INACTIVE": 0.0054288816503800215,
        "INVALID": 0.0,
        "MALICIOUS": 0.0,
        "SANE": 0.0,
        "VALID": 0.0,
        "total": 100.0
    }
}