{
    "counter": {
        "ACTIVE": 41839,
        "INACTIVE": 51,
        "INVALID": 0,
        "MALICIOUS": 0,
        "SANE": 0,
        "VALID": 0,
        "total": 41890
    },
    "percentage": {
        "ACTIVE": 99.87825256624492,
        "INACTIVE": 0.12174743375507281,
        "INVALID": 0.0,
        "MALICIOUS": 0.0,
        "SANE": 0.0,
        "VALID": 0.0,
        "total": 100.0
    }
}