{
    "counter": {
        "ACTIVE": 41099,
        "INACTIVE": 53,
        "INVALID": 0,
        "MALICIOUS": 0,
        "SANE": 0,
        "VALID": 0,
        "total": 41152
    },
    "percentage": {
        "ACTIVE": 99.87120917573873,
        "INACTIVE": 0.12879082426127528,
        "INVALID": 0.0,
        "MALICIOUS": 0.0,
        "SANE": 0.0,
        "VALID": 0.0,
        "total": 100.0
    }
}