{
    "counter": {
        "ACTIVE": 31014,
        "INACTIVE": 11,
        "INVALID": 0,
        "MALICIOUS": 0,
        "SANE": 0,
        "VALID": 0,
        "total": 31025
    },
    "percentage": {
        "ACTIVE": 99.9645447219984,
        "INACTIVE": 0.035455278001611606,
        "INVALID": 0.0,
        "MALICIOUS": 0.0,
        "SANE": 0.0,
        "VALID": 0.0,
        "total": 100.0
    }
}