{
    "counter": {
        "ACTIVE": 41095,
        "INACTIVE": 1,
        "INVALID": 0,
        "MALICIOUS": 0,
        "SANE": 0,
        "VALID": 0,
        "total": 41096
    },
    "percentage": {
        "ACTIVE": 99.99756667315553,
        "INACTIVE": 0.002433326844461748,
        "INVALID": 0.0,
        "MALICIOUS": 0.0,
        "SANE": 0.0,
        "VALID": 0.0,
        "total": 100.0
    }
}