{
    "counter": {
        "ACTIVE": 43874,
        "INACTIVE": 5,
        "INVALID": 0,
        "MALICIOUS": 0,
        "SANE": 0,
        "VALID": 0,
        "total": 43879
    },
    "percentage": {
        "ACTIVE": 99.98860502746189,
        "INACTIVE": 0.011394972538116183,
        "INVALID": 0.0,
        "MALICIOUS": 0.0,
        "SANE": 0.0,
        "VALID": 0.0,
        "total": 100.0
    }
}