{
    "counter": {
        "ACTIVE": 35174,
        "INACTIVE": 2,
        "INVALID": 0,
        "MALICIOUS": 0,
        "SANE": 0,
        "VALID": 0,
        "total": 35176
    },
    "percentage": {
        "ACTIVE": 99.99431430520809,
        "INACTIVE": 0.00568569479190357,
        "INVALID": 0.0,
        "MALICIOUS": 0.0,
        "SANE": 0.0,
        "VALID": 0.0,
        "total": 100.0
    }
}