{
    "counter": {
        "ACTIVE": 29156,
        "INACTIVE": 31,
        "INVALID": 0,
        "MALICIOUS": 0,
        "SANE": 0,
        "VALID": 0,
        "total": 29187
    },
    "percentage": {
        "ACTIVE": 99.89378833042107,
        "INACTIVE": 0.10621166957892213,
        "INVALID": 0.0,
        "MALICIOUS": 0.0,
        "SANE": 0.0,
        "VALID": 0.0,
        "total": 100.0
    }
}