{
    "counter": {
        "ACTIVE": 31278,
        "INACTIVE": 7,
        "INVALID": 0,
        "MALICIOUS": 0,
        "SANE": 0,
        "VALID": 0,
        "total": 31285
    },
    "percentage": {
        "ACTIVE": 99.97762505993288,
        "INACTIVE": 0.02237494006712482,
        "INVALID": 0.0,
        "MALICIOUS": 0.0,
        "SANE": 0.0,
        "VALID": 0.0,
        "total": 100.0
    }
}