{
    "counter": {
        "ACTIVE": 41139,
        "INACTIVE": 8,
        "INVALID": 0,
        "MALICIOUS": 0,
        "SANE": 0,
        "VALID": 0,
        "total": 41147
    },
    "percentage": {
        "ACTIVE": 99.98055751330595,
        "INACTIVE": 0.019442486694048168,
        "INVALID": 0.0,
        "MALICIOUS": 0.0,
        "SANE": 0.0,
        "VALID": 0.0,
        "total": 100.0
    }
}