{
    "counter": {
        "ACTIVE": 41098,
        "INACTIVE": 1,
        "INVALID": 0,
        "MALICIOUS": 0,
        "SANE": 0,
        "VALID": 0,
        "total": 41099
    },
    "percentage": {
        "ACTIVE": 99.99756685077496,
        "INACTIVE": 0.002433149225041972,
        "INVALID": 0.0,
        "MALICIOUS": 0.0,
        "SANE": 0.0,
        "VALID": 0.0,
        "total": 100.0
    }
}