{
    "counter": {
        "ACTIVE": 41144,
        "INACTIVE": 2,
        "INVALID": 0,
        "MALICIOUS": 0,
        "SANE": 0,
        "VALID": 0,
        "total": 41146
    },
    "percentage": {
        "ACTIVE": 99.9951392601954,
        "INACTIVE": 0.00486073980459826,
        "INVALID": 0.0,
        "MALICIOUS": 0.0,
        "SANE": 0.0,
        "VALID": 0.0,
        "total": 100.0
    }
}