{
    "counter": {
        "ACTIVE": 32925,
        "INACTIVE": 35,
        "INVALID": 0,
        "MALICIOUS": 0,
        "SANE": 0,
        "VALID": 0,
        "total": 32960
    },
    "percentage": {
        "ACTIVE": 99.89381067961165,
        "INACTIVE": 0.10618932038834951,
        "INVALID": 0.0,
        "MALICIOUS": 0.0,
        "SANE": 0.0,
        "VALID": 0.0,
        "total": 100.0
    }
}