{
    "counter": {
        "ACTIVE": 41089,
        "INACTIVE": 2,
        "INVALID": 0,
        "MALICIOUS": 0,
        "SANE": 0,
        "VALID": 0,
        "total": 41091
    },
    "percentage": {
        "ACTIVE": 99.99513275413108,
        "INACTIVE": 0.004867245868925069,
        "INVALID": 0.0,
        "MALICIOUS": 0.0,
        "SANE": 0.0,
        "VALID": 0.0,
        "total": 100.0
    }
}