{
    "counter": {
        "ACTIVE": 37260,
        "INACTIVE": 20,
        "INVALID": 0,
        "MALICIOUS": 0,
        "SANE": 0,
        "VALID": 0,
        "total": 37280
    },
    "percentage": {
        "ACTIVE": 99.94635193133047,
        "INACTIVE": 0.0536480686695279,
        "INVALID": 0.0,
        "MALICIOUS": 0.0,
        "SANE": 0.0,
        "VALID": 0.0,
        "total": 100.0
    }
}