{
    "counter": {
        "ACTIVE": 41336,
        "INACTIVE": 52,
        "INVALID": 0,
        "MALICIOUS": 0,
        "SANE": 0,
        "VALID": 0,
        "total": 41388
    },
    "percentage": {
        "ACTIVE": 99.8743597177926,
        "INACTIVE": 0.12564028220740311,
        "INVALID": 0.0,
        "MALICIOUS": 0.0,
        "SANE": 0.0,
        "VALID": 0.0,
        "total": 100.0
    }
}