{
    "counter": {
        "ACTIVE": 43854,
        "INACTIVE": 5,
        "INVALID": 0,
        "MALICIOUS": 0,
        "SANE": 0,
        "VALID": 0,
        "total": 43859
    },
    "percentage": {
        "ACTIVE": 99.9885998312775,
        "INACTIVE": 0.011400168722497092,
        "INVALID": 0.0,
        "MALICIOUS": 0.0,
        "SANE": 0.0,
        "VALID": 0.0,
        "total": 100.0
    }
}