{
    "counter": {
        "ACTIVE": 34754,
        "INACTIVE": 1,
        "INVALID": 0,
        "MALICIOUS": 0,
        "SANE": 0,
        "VALID": 0,
        "total": 34755
    },
    "percentage": {
        "ACTIVE": 99.99712271615594,
        "INACTIVE": 0.0028772838440512156,
        "INVALID": 0.0,
        "MALICIOUS": 0.0,
        "SANE": 0.0,
        "VALID": 0.0,
        "total": 100.0
    }
}