{
    "counter": {
        "ACTIVE": 41837,
        "INACTIVE": 17,
        "INVALID": 0,
        "MALICIOUS": 0,
        "SANE": 0,
        "VALID": 0,
        "total": 41854
    },
    "percentage": {
        "ACTIVE": 99.95938261575955,
        "INACTIVE": 0.04061738424045491,
        "INVALID": 0.0,
        "MALICIOUS": 0.0,
        "SANE": 0.0,
        "VALID": 0.0,
        "total": 100.0
    }
}