{
    "counter": {
        "ACTIVE": 43977,
        "INACTIVE": 3,
        "INVALID": 0,
        "MALICIOUS": 0,
        "SANE": 0,
        "VALID": 0,
        "total": 43980
    },
    "percentage": {
        "ACTIVE": 99.99317871759891,
        "INACTIVE": 0.0068212824010914054,
        "INVALID": 0.0,
        "MALICIOUS": 0.0,
        "SANE": 0.0,
        "VALID": 0.0,
        "total": 100.0
    }
}