{
    "counter": {
        "ACTIVE": 29543,
        "INACTIVE": 26,
        "INVALID": 0,
        "MALICIOUS": 0,
        "SANE": 0,
        "VALID": 0,
        "total": 29569
    },
    "percentage": {
        "ACTIVE": 99.91207007338767,
        "INACTIVE": 0.08792992661233048,
        "INVALID": 0.0,
        "MALICIOUS": 0.0,
        "SANE": 0.0,
        "VALID": 0.0,
        "total": 100.0
    }
}