{
    "counter": {
        "ACTIVE": 41582,
        "INACTIVE": 30,
        "INVALID": 0,
        "MALICIOUS": 0,
        "SANE": 0,
        "VALID": 0,
        "total": 41612
    },
    "percentage": {
        "ACTIVE": 99.92790541190041,
        "INACTIVE": 0.07209458809958666,
        "INVALID": 0.0,
        "MALICIOUS": 0.0,
        "SANE": 0.0,
        "VALID": 0.0,
        "total": 100.0
    }
}