{
    "counter": {
        "ACTIVE": 33925,
        "INACTIVE": 1,
        "INVALID": 0,
        "MALICIOUS": 0,
        "SANE": 0,
        "VALID": 0,
        "total": 33926
    },
    "percentage": {
        "ACTIVE": 99.99705240818251,
        "INACTIVE": 0.0029475918174851146,
        "INVALID": 0.0,
        "MALICIOUS": 0.0,
        "SANE": 0.0,
        "VALID": 0.0,
        "total": 100.0
    }
}