{
    "counter": {
        "ACTIVE": 41091,
        "INACTIVE": 2,
        "INVALID": 0,
        "MALICIOUS": 0,
        "SANE": 0,
        "VALID": 0,
        "total": 41093
    },
    "percentage": {
        "ACTIVE": 99.99513299102037,
        "INACTIVE": 0.004867008979631568,
        "INVALID": 0.0,
        "MALICIOUS": 0.0,
        "SANE": 0.0,
        "VALID": 0.0,
        "total": 100.0
    }
}