{
    "counter": {
        "ACTIVE": 44033,
        "INACTIVE": 2,
        "INVALID": 0,
        "MALICIOUS": 0,
        "SANE": 0,
        "VALID": 0,
        "total": 44035
    },
    "percentage": {
        "ACTIVE": 99.99545815828318,
        "INACTIVE": 0.004541841716816169,
        "INVALID": 0.0,
        "MALICIOUS": 0.0,
        "SANE": 0.0,
        "VALID": 0.0,
        "total": 100.0
    }
}