{
    "counter": {
        "ACTIVE": 43951,
        "INACTIVE": 2,
        "INVALID": 0,
        "MALICIOUS": 0,
        "SANE": 0,
        "VALID": 0,
        "total": 43953
    },
    "percentage": {
        "ACTIVE": 99.99544968489067,
        "INACTIVE": 0.00455031510932132,
        "INVALID": 0.0,
        "MALICIOUS": 0.0,
        "SANE": 0.0,
        "VALID": 0.0,
        "total": 100.0
    }
}