{
    "counter": {
        "ACTIVE": 34722,
        "INACTIVE": 7,
        "INVALID": 0,
        "MALICIOUS": 0,
        "SANE": 0,
        "VALID": 0,
        "total": 34729
    },
    "percentage": {
        "ACTIVE": 99.97984393446399,
        "INACTIVE": 0.02015606553600737,
        "INVALID": 0.0,
        "MALICIOUS": 0.0,
        "SANE": 0.0,
        "VALID": 0.0,
        "total": 100.0
    }
}