{
    "counter": {
        "ACTIVE": 41095,
        "INACTIVE": 3,
        "INVALID": 0,
        "MALICIOUS": 0,
        "SANE": 0,
        "VALID": 0,
        "total": 41098
    },
    "percentage": {
        "ACTIVE": 99.9927003747141,
        "INACTIVE": 0.00729962528590199,
        "INVALID": 0.0,
        "MALICIOUS": 0.0,
        "SANE": 0.0,
        "VALID": 0.0,
        "total": 100.0
    }
}